{"cameraMode":{"drawMode":0,"name":"Shaded","section":"Shading Mode"},"sceneLighting":false,"audioPlay":false,"sceneViewState":{"showFog":true,"showMaterialUpdate":false,"showSkybox":true,"showFlares":true,"showImageEffects":true,"showParticleSystems":true},"in2DMode":false,"pivot":{"x":-14.22548770904541,"y":-0.4093353748321533,"z":3.79733943939209},"rotation":{"x":0.038894813507795337,"y":-0.9571043848991394,"z":0.15348203480243684,"w":0.24275079369544984},"size":7.836927890777588,"orthographic":false}