{"cameraMode":{"drawMode":0,"name":"Shaded","section":"Shading Mode"},"sceneLighting":false,"audioPlay":false,"sceneViewState":{"showFog":true,"showMaterialUpdate":false,"showSkybox":true,"showFlares":true,"showImageEffects":true,"showParticleSystems":true},"in2DMode":false,"pivot":{"x":-22.065704345703126,"y":-4.823087215423584,"z":21.201248168945314},"rotation":{"x":-0.1745702028274536,"y":0.8242143392562866,"z":-0.3553939759731293,"w":-0.40487852692604067},"size":62.432376861572269,"orthographic":false}