{"cameraMode":{"drawMode":0,"name":"Shaded","section":"Shading Mode"},"sceneLighting":false,"audioPlay":false,"sceneViewState":{"showFog":true,"showMaterialUpdate":false,"showSkybox":true,"showFlares":true,"showImageEffects":true,"showParticleSystems":true},"in2DMode":false,"pivot":{"x":-10.989018440246582,"y":-1.0111162662506104,"z":8.012544631958008},"rotation":{"x":0.36829015612602236,"y":0.2682572305202484,"z":-0.11186830699443817,"w":0.8831290006637573},"size":11.493231773376465,"orthographic":false}