{"cameraMode":{"drawMode":0,"name":"Shaded","section":"Shading Mode"},"sceneLighting":false,"audioPlay":false,"sceneViewState":{"showFog":true,"showMaterialUpdate":false,"showSkybox":true,"showFlares":true,"showImageEffects":true,"showParticleSystems":true},"in2DMode":false,"pivot":{"x":-19.409530639648439,"y":-5.556751251220703,"z":25.515241622924806},"rotation":{"x":0.22498704493045808,"y":-0.7241238355636597,"z":0.27578961849212649,"w":0.5907350182533264},"size":59.04376220703125,"orthographic":false}