{"cameraMode":{"drawMode":0,"name":"Shaded","section":"Shading Mode"},"sceneLighting":false,"audioPlay":false,"sceneViewState":{"showFog":true,"showMaterialUpdate":false,"showSkybox":true,"showFlares":true,"showImageEffects":true,"showParticleSystems":true},"in2DMode":false,"pivot":{"x":-8.975722312927246,"y":7.751494407653809,"z":1.1369177103042603},"rotation":{"x":0.3614731431007385,"y":-0.04027210921049118,"z":0.01567540131509304,"w":0.9314173460006714},"size":4.75016975402832,"orthographic":false}