{"cameraMode":{"drawMode":0,"name":"Shaded","section":"Shading Mode"},"sceneLighting":false,"audioPlay":false,"sceneViewState":{"showFog":true,"showMaterialUpdate":false,"showSkybox":true,"showFlares":true,"showImageEffects":true,"showParticleSystems":true},"in2DMode":false,"pivot":{"x":-5.91716194152832,"y":-1.4311373233795167,"z":17.50482177734375},"rotation":{"x":0.04495524615049362,"y":-0.952421247959137,"z":0.24644741415977479,"w":0.1738676130771637},"size":7.7064738273620609,"orthographic":false}