{"cameraMode":{"drawMode":0,"name":"Shaded","section":"Shading Mode"},"sceneLighting":false,"audioPlay":false,"sceneViewState":{"showFog":true,"showMaterialUpdate":false,"showSkybox":true,"showFlares":true,"showImageEffects":true,"showParticleSystems":true},"in2DMode":false,"pivot":{"x":-18.910858154296876,"y":-0.8662933111190796,"z":16.160287857055665},"rotation":{"x":0.2828962504863739,"y":0.611481249332428,"z":-0.24856539070606233,"w":0.6959218382835388},"size":25.80352210998535,"orthographic":false}