{"cameraMode":{"drawMode":0,"name":"Shaded","section":"Shading Mode"},"sceneLighting":true,"audioPlay":false,"sceneViewState":{"showFog":true,"showMaterialUpdate":false,"showSkybox":true,"showFlares":true,"showImageEffects":true,"showParticleSystems":true},"in2DMode":false,"pivot":{"x":-15.717618942260743,"y":0.16117286682128907,"z":26.313175201416017},"rotation":{"x":0.32744860649108889,"y":0.32354971766471865,"z":-0.12045654654502869,"w":0.8795364499092102},"size":7.167236328125,"orthographic":false}