{"cameraMode":{"drawMode":0,"name":"Shaded","section":"Shading Mode"},"sceneLighting":false,"audioPlay":false,"sceneViewState":{"showFog":true,"showMaterialUpdate":false,"showSkybox":true,"showFlares":true,"showImageEffects":true,"showParticleSystems":true},"in2DMode":false,"pivot":{"x":-17.929784774780275,"y":-28.415531158447267,"z":13.765713691711426},"rotation":{"x":0.00882775615900755,"y":0.8618828058242798,"z":-0.5068445205688477,"w":0.014989914372563362},"size":138.05084228515626,"orthographic":false}