{"cameraMode":{"drawMode":0,"name":"Shaded","section":"Shading Mode"},"sceneLighting":false,"audioPlay":false,"sceneViewState":{"showFog":true,"showMaterialUpdate":false,"showSkybox":true,"showFlares":true,"showImageEffects":true,"showParticleSystems":true},"in2DMode":false,"pivot":{"x":-6.491934299468994,"y":3.8635013103485109,"z":24.629417419433595},"rotation":{"x":0.17556144297122956,"y":-0.5846993327140808,"z":0.13142678141593934,"w":0.7810651063919067},"size":30.12880516052246,"orthographic":false}