{"cameraMode":{"drawMode":0,"name":"Shaded","section":"Shading Mode"},"sceneLighting":false,"audioPlay":false,"sceneViewState":{"showFog":true,"showMaterialUpdate":false,"showSkybox":true,"showFlares":true,"showImageEffects":true,"showParticleSystems":true},"in2DMode":false,"pivot":{"x":-3.3854916095733644,"y":1.3679609298706055,"z":5.814085483551025},"rotation":{"x":0.36829015612602236,"y":0.2682572305202484,"z":-0.11186830699443817,"w":0.8831290006637573},"size":3.516568660736084,"orthographic":false}