{"cameraMode":{"drawMode":0,"name":"Shaded","section":"Shading Mode"},"sceneLighting":false,"audioPlay":false,"sceneViewState":{"showFog":true,"showMaterialUpdate":false,"showSkybox":true,"showFlares":true,"showImageEffects":true,"showParticleSystems":true},"in2DMode":false,"pivot":{"x":-5.344074726104736,"y":-3.8601033687591554,"z":1.2516478300094605},"rotation":{"x":0.26467978954315188,"y":0.5941160917282105,"z":-0.2159244269132614,"w":0.7282604575157166},"size":10.149558067321778,"orthographic":false}