{"cameraMode":{"drawMode":0,"name":"Shaded","section":"Shading Mode"},"sceneLighting":false,"audioPlay":false,"sceneViewState":{"showFog":true,"showMaterialUpdate":false,"showSkybox":true,"showFlares":true,"showImageEffects":true,"showParticleSystems":true},"in2DMode":false,"pivot":{"x":-3.7204391956329347,"y":-0.040515199303627017,"z":7.477253437042236},"rotation":{"x":-0.096659816801548,"y":0.896859347820282,"z":-0.35676315426826479,"w":-0.24301306903362275},"size":4.376466274261475,"orthographic":false}